frameNumber,captureTime,arrivalTime
0,2026-07-20T08:43:05.334968+00:00,1784536985.3359764
1,2026-07-20T08:43:05.370068+00:00,1784536985.3710752
2,2026-07-20T08:43:05.404819+00:00,1784536986.8108718
3,2026-07-20T08:43:05.439540+00:00,1784536986.867975
4,2026-07-20T08:43:05.474565+00:00,1784536986.9235277
5,2026-07-20T08:43:05.509389+00:00,1784536986.9799597
6,2026-07-20T08:43:05.544297+00:00,1784536987.034027
7,2026-07-20T08:43:05.579412+00:00,1784536987.0855
8,2026-07-20T08:43:05.614834+00:00,1784536987.1409235
9,2026-07-20T08:43:05.650135+00:00,1784536987.1950881
10,2026-07-20T08:43:05.685195+00:00,1784536987.2539268
11,2026-07-20T08:43:05.719993+00:00,1784536987.309444
12,2026-07-20T08:43:05.754612+00:00,1784536987.367416
13,2026-07-20T08:43:05.789587+00:00,1784536987.4224684
14,2026-07-20T08:43:05.824202+00:00,1784536987.478722
15,2026-07-20T08:43:05.859156+00:00,1784536987.5341835
16,2026-07-20T08:43:05.893872+00:00,1784536987.5908277
17,2026-07-20T08:43:05.928730+00:00,1784536987.6422417
18,2026-07-20T08:43:05.963531+00:00,1784536987.698016
19,2026-07-20T08:43:05.998311+00:00,1784536987.7605355
20,2026-07-20T08:43:06.033221+00:00,1784536987.8115635
21,2026-07-20T08:43:06.067989+00:00,1784536987.8652313
22,2026-07-20T08:43:06.102923+00:00,1784536987.919226
23,2026-07-20T08:43:06.137617+00:00,1784536987.9755373
24,2026-07-20T08:43:06.172569+00:00,1784536988.029522
25,2026-07-20T08:43:06.207249+00:00,1784536988.083064
26,2026-07-20T08:43:06.242037+00:00,1784536988.1342487
27,2026-07-20T08:43:06.276837+00:00,1784536988.1897366
28,2026-07-20T08:43:06.311539+00:00,1784536988.2423189
29,2026-07-20T08:43:06.346361+00:00,1784536988.2949839
30,2026-07-20T08:43:06.381009+00:00,1784536988.3531802
31,2026-07-20T08:43:06.415933+00:00,1784536988.4057515
32,2026-07-20T08:43:06.450554+00:00,1784536988.4589834
33,2026-07-20T08:43:06.485360+00:00,1784536988.5197992
34,2026-07-20T08:43:06.520149+00:00,1784536988.5717366
35,2026-07-20T08:43:06.554844+00:00,1784536988.6204493
36,2026-07-20T08:43:06.589699+00:00,1784536988.6714616
37,2026-07-20T08:43:06.624328+00:00,1784536988.7227957
38,2026-07-20T08:43:06.659762+00:00,1784536988.776137
39,2026-07-20T08:43:06.694809+00:00,1784536988.8295665
40,2026-07-20T08:43:06.730172+00:00,1784536988.892259
41,2026-07-20T08:43:06.765149+00:00,1784536988.950403
42,2026-07-20T08:43:06.800436+00:00,1784536989.0002506
43,2026-07-20T08:43:06.835067+00:00,1784536989.0588655
44,2026-07-20T08:43:06.869970+00:00,1784536989.1134338
45,2026-07-20T08:43:06.905039+00:00,1784536989.1653578
46,2026-07-20T08:43:06.939431+00:00,1784536989.2181878
47,2026-07-20T08:43:06.974626+00:00,1784536989.2722788
48,2026-07-20T08:43:07.008820+00:00,1784536989.3268738
49,2026-07-20T08:43:07.043834+00:00,1784536989.3860931
50,2026-07-20T08:43:07.078979+00:00,1784536989.4386902
51,2026-07-20T08:43:07.113396+00:00,1784536989.4921641
52,2026-07-20T08:43:07.147845+00:00,1784536989.5455182
53,2026-07-20T08:43:07.182568+00:00,1784536989.6017418
54,2026-07-20T08:43:07.218000+00:00,1784536989.658374
55,2026-07-20T08:43:07.252920+00:00,1784536989.7218952
56,2026-07-20T08:43:07.288404+00:00,1784536989.776255
57,2026-07-20T08:43:07.323326+00:00,1784536989.8116317
58,2026-07-20T08:43:07.359403+00:00,1784536989.8423977
59,2026-07-20T08:43:07.394296+00:00,1784536989.8945522
60,2026-07-20T08:43:07.429583+00:00,1784536989.946409
61,2026-07-20T08:43:07.464689+00:00,1784536990.009665
62,2026-07-20T08:43:07.499653+00:00,1784536990.0625494
63,2026-07-20T08:43:07.535123+00:00,1784536990.1156726
64,2026-07-20T08:43:07.573145+00:00,1784536990.1694636
65,2026-07-20T08:43:07.609704+00:00,1784536990.2220576
66,2026-07-20T08:43:07.644098+00:00,1784536990.2765257
67,2026-07-20T08:43:07.679210+00:00,1784536990.328713
68,2026-07-20T08:43:07.713646+00:00,1784536990.3845692
69,2026-07-20T08:43:07.748771+00:00,1784536990.434652
70,2026-07-20T08:43:07.783910+00:00,1784536990.4856353
71,2026-07-20T08:43:07.818617+00:00,1784536990.5387099
72,2026-07-20T08:43:07.854050+00:00,1784536990.5986874
73,2026-07-20T08:43:07.889102+00:00,1784536990.6528435
74,2026-07-20T08:43:07.925385+00:00,1784536990.7065997
75,2026-07-20T08:43:07.960340+00:00,1784536990.7591136
76,2026-07-20T08:43:07.995476+00:00,1784536990.812912
77,2026-07-20T08:43:08.030810+00:00,1784536990.8668158
78,2026-07-20T08:43:08.066298+00:00,1784536990.9192717
79,2026-07-20T08:43:08.101788+00:00,1784536990.975036
80,2026-07-20T08:43:08.136515+00:00,1784536991.0313034
81,2026-07-20T08:43:08.172051+00:00,1784536991.0869942
82,2026-07-20T08:43:08.207062+00:00,1784536991.1414418
83,2026-07-20T08:43:08.243710+00:00,1784536991.1968842
84,2026-07-20T08:43:08.278842+00:00,1784536991.2559104
85,2026-07-20T08:43:08.314068+00:00,1784536991.310317
86,2026-07-20T08:43:08.349131+00:00,1784536991.3646054
87,2026-07-20T08:43:08.384972+00:00,1784536991.4197176
88,2026-07-20T08:43:08.420156+00:00,1784536991.4777083
89,2026-07-20T08:43:08.456523+00:00,1784536991.5395687
90,2026-07-20T08:43:08.491975+00:00,1784536991.5904088
91,2026-07-20T08:43:08.526878+00:00,1784536991.6431546
92,2026-07-20T08:43:08.562111+00:00,1784536991.6953664
93,2026-07-20T08:43:08.597053+00:00,1784536991.750394
94,2026-07-20T08:43:08.634545+00:00,1784536991.8056607
95,2026-07-20T08:43:08.669639+00:00,1784536991.8596
96,2026-07-20T08:43:08.705010+00:00,1784536991.915078
97,2026-07-20T08:43:08.740111+00:00,1784536991.9776964
98,2026-07-20T08:43:08.775100+00:00,1784536992.0346186
99,2026-07-20T08:43:08.810315+00:00,1784536992.0942843
100,2026-07-20T08:43:08.845421+00:00,1784536992.1515918
101,2026-07-20T08:43:08.880650+00:00,1784536992.210757
102,2026-07-20T08:43:08.915864+00:00,1784536992.2711015
103,2026-07-20T08:43:08.951237+00:00,1784536992.3314075
104,2026-07-20T08:43:08.986496+00:00,1784536992.3642273
105,2026-07-20T08:43:09.021777+00:00,1784536992.398892
106,2026-07-20T08:43:09.056805+00:00,1784536992.432463
107,2026-07-20T08:43:09.091925+00:00,1784536992.487812
108,2026-07-20T08:43:09.127153+00:00,1784536992.5434985
109,2026-07-20T08:43:09.162302+00:00,1784536992.60202
110,2026-07-20T08:43:09.198395+00:00,1784536992.6581876
111,2026-07-20T08:43:09.233526+00:00,1784536992.7159634
112,2026-07-20T08:43:09.270487+00:00,1784536992.7710578
113,2026-07-20T08:43:09.305780+00:00,1784536992.828798
114,2026-07-20T08:43:09.340993+00:00,1784536992.8899775
115,2026-07-20T08:43:09.375922+00:00,1784536992.9447553
116,2026-07-20T08:43:09.410736+00:00,1784536992.997719
117,2026-07-20T08:43:09.445940+00:00,1784536993.0493517
118,2026-07-20T08:43:09.480917+00:00,1784536993.1020525
119,2026-07-20T08:43:09.515900+00:00,1784536993.1547182
120,2026-07-20T08:43:09.551323+00:00,1784536993.2154071
121,2026-07-20T08:43:09.586767+00:00,1784536993.2726498
122,2026-07-20T08:43:09.621710+00:00,1784536993.325142
123,2026-07-20T08:43:09.659279+00:00,1784536993.3807542
124,2026-07-20T08:43:09.694412+00:00,1784536993.4452565
125,2026-07-20T08:43:09.729475+00:00,1784536993.501577
126,2026-07-20T08:43:09.764762+00:00,1784536993.5580294
127,2026-07-20T08:43:09.799975+00:00,1784536993.6093433
128,2026-07-20T08:43:09.834964+00:00,1784536993.662257
129,2026-07-20T08:43:09.869928+00:00,1784536993.7146344
130,2026-07-20T08:43:09.906417+00:00,1784536993.76739
131,2026-07-20T08:43:09.941891+00:00,1784536993.826317
132,2026-07-20T08:43:09.977032+00:00,1784536993.8815868
133,2026-07-20T08:43:10.012176+00:00,1784536993.9362605
134,2026-07-20T08:43:10.047216+00:00,1784536993.9890242
135,2026-07-20T08:43:10.085023+00:00,1784536994.0437918
136,2026-07-20T08:43:10.119963+00:00,1784536994.1011713
137,2026-07-20T08:43:10.155098+00:00,1784536994.1586459
138,2026-07-20T08:43:10.189970+00:00,1784536994.2135935
139,2026-07-20T08:43:10.225214+00:00,1784536994.2694902
140,2026-07-20T08:43:10.260404+00:00,1784536994.3231158
141,2026-07-20T08:43:10.295432+00:00,1784536994.3765948
142,2026-07-20T08:43:10.330726+00:00,1784536994.4418497
143,2026-07-20T08:43:10.365821+00:00,1784536994.4976034
144,2026-07-20T08:43:10.401770+00:00,1784536994.5508282
145,2026-07-20T08:43:10.436696+00:00,1784536994.6041446
146,2026-07-20T08:43:10.471950+00:00,1784536994.6556997
147,2026-07-20T08:43:10.506835+00:00,1784536994.7073176
148,2026-07-20T08:43:10.543043+00:00,1784536994.7590966
149,2026-07-20T08:43:10.578321+00:00,1784536994.8205266
